Instance,Algorithm,ObjectiveFunction,UB
Set_1/WT1.fjs,VNSG,TotalWeightedTardiness,57
Set_1/WT2.fjs,VNSG,TotalWeightedTardiness,252
Set_1/WT3.fjs,VNSG,TotalWeightedTardiness,128
Set_1/WT4.fjs,LS,TotalWeightedTardiness,112
Set_1/WT5.fjs,VNSG,TotalWeightedTardiness,166
Set_2/Loose_Mk01.fjs,LS,TotalWeightedTardiness,55
Set_2/Loose_Mk02.fjs,LS,TotalWeightedTardiness,18
Set_2/Loose_Mk03.fjs,LS,TotalWeightedTardiness,426
Set_2/Loose_Mk04.fjs,VNSG,TotalWeightedTardiness,194
Set_2/Loose_Mk05.fjs,VNSG,TotalWeightedTardiness,172
Set_2/Loose_Mk06.fjs,VNSG,TotalWeightedTardiness,3
Set_2/Loose_Mk07.fjs,VNSG,TotalWeightedTardiness,70
Set_2/Loose_Mk08.fjs,VNSG,TotalWeightedTardiness,960
Set_2/Loose_Mk09.fjs,VNSG,TotalWeightedTardiness,872
Set_2/Loose_Mk10.fjs,VNSG,TotalWeightedTardiness,516
Set_2/Moderate_Mk01.fjs,SBH-VNS,TotalWeightedTardiness,172
Set_2/Moderate_Mk02.fjs,LS,TotalWeightedTardiness,152
Set_2/Moderate_Mk03.fjs,VNSG,TotalWeightedTardiness,950
Set_2/Moderate_Mk04.fjs,VNSG,TotalWeightedTardiness,543
Set_2/Moderate_Mk05.fjs,VNSG,TotalWeightedTardiness,823
Set_2/Moderate_Mk06.fjs,VNSG,TotalWeightedTardiness,258
Set_2/Moderate_Mk07.fjs,VNSG,TotalWeightedTardiness,661
Set_2/Moderate_Mk08.fjs,VNSG,TotalWeightedTardiness,3250
Set_2/Moderate_Mk09.fjs,VNSG,TotalWeightedTardiness,2781
Set_2/Moderate_Mk10.fjs,VNSG,TotalWeightedTardiness,2149
Set_2/Tight_Mk01.fjs,VNSG,TotalWeightedTardiness,393
Set_2/Tight_Mk02.fjs,VNSG,TotalWeightedTardiness,361
Set_2/Tight_Mk03.fjs,VNSG,TotalWeightedTardiness,2079
Set_2/Tight_Mk04.fjs,VNSG,TotalWeightedTardiness,947
Set_2/Tight_Mk05.fjs,VNSG,TotalWeightedTardiness,1944
Set_2/Tight_Mk06.fjs,VNSG,TotalWeightedTardiness,678
Set_2/Tight_Mk07.fjs,VNSG,TotalWeightedTardiness,1805
Set_2/Tight_Mk08.fjs,VNSG,TotalWeightedTardiness,7226
Set_2/Tight_Mk09.fjs,VNSG,TotalWeightedTardiness,5361
Set_2/Tight_Mk10.fjs,VNSG,TotalWeightedTardiness,4274
Set_3/Loose_01a.fjs,VNSG,TotalWeightedTardiness,2576
Set_3/Loose_02a.fjs,VNSG,TotalWeightedTardiness,3598
Set_3/Loose_03a.fjs,VNSG,TotalWeightedTardiness,2665
Set_3/Loose_04a.fjs,VNSG,TotalWeightedTardiness,2496
Set_3/Loose_05a.fjs,VNSG,TotalWeightedTardiness,3174
Set_3/Loose_06a.fjs,VNSG,TotalWeightedTardiness,2922
Set_3/Loose_07a.fjs,VNSG,TotalWeightedTardiness,7656
Set_3/Loose_08a.fjs,VNSG,TotalWeightedTardiness,8451
Set_3/Loose_09a.fjs,VNSG,TotalWeightedTardiness,8146
Set_3/Loose_10a.fjs,VNSG,TotalWeightedTardiness,8727
Set_3/Loose_11a.fjs,VNSG,TotalWeightedTardiness,9054
Set_3/Loose_12a.fjs,VNSG,TotalWeightedTardiness,7555
Set_3/Loose_13a.fjs,VNSG,TotalWeightedTardiness,7857
Set_3/Loose_14a.fjs,VNSG,TotalWeightedTardiness,9765
Set_3/Loose_15a.fjs,LS,TotalWeightedTardiness,8407
Set_3/Loose_16a.fjs,VNSG,TotalWeightedTardiness,9986
Set_3/Loose_17a.fjs,VNSG,TotalWeightedTardiness,9616
Set_3/Loose_18a.fjs,LS,TotalWeightedTardiness,7784
Set_3/Moderate_01a.fjs,VNSG,TotalWeightedTardiness,11150
Set_3/Moderate_02a.fjs,VNSG,TotalWeightedTardiness,11584
Set_3/Moderate_03a.fjs,VNSG,TotalWeightedTardiness,10295
Set_3/Moderate_04a.fjs,VNSG,TotalWeightedTardiness,10444
Set_3/Moderate_05a.fjs,VNSG,TotalWeightedTardiness,11437
Set_3/Moderate_06a.fjs,VNSG,TotalWeightedTardiness,10677
Set_3/Moderate_07a.fjs,VNSG,TotalWeightedTardiness,22692
Set_3/Moderate_08a.fjs,VNSG,TotalWeightedTardiness,22307
Set_3/Moderate_09a.fjs,VNSG,TotalWeightedTardiness,21575
Set_3/Moderate_10a.fjs,VNSG,TotalWeightedTardiness,24192
Set_3/Moderate_11a.fjs,VNSG,TotalWeightedTardiness,22542
Set_3/Moderate_12a.fjs,VNSG,TotalWeightedTardiness,20312
Set_3/Moderate_13a.fjs,VNSG,TotalWeightedTardiness,27829
Set_3/Moderate_14a.fjs,VNSG,TotalWeightedTardiness,27768
Set_3/Moderate_15a.fjs,LS,TotalWeightedTardiness,24718
Set_3/Moderate_16a.fjs,VNSG,TotalWeightedTardiness,30520
Set_3/Moderate_17a.fjs,VNSG,TotalWeightedTardiness,27396
Set_3/Moderate_18a.fjs,VNSG,TotalWeightedTardiness,24246
Set_3/Tight_01a.fjs,VNSG,TotalWeightedTardiness,22593
Set_3/Tight_02a.fjs,VNSG,TotalWeightedTardiness,21359
Set_3/Tight_03a.fjs,VNSG,TotalWeightedTardiness,19843
Set_3/Tight_04a.fjs,VNSG,TotalWeightedTardiness,22914
Set_3/Tight_05a.fjs,VNSG,TotalWeightedTardiness,21636
Set_3/Tight_06a.fjs,VNSG,TotalWeightedTardiness,20172
Set_3/Tight_07a.fjs,VNSG,TotalWeightedTardiness,43405
Set_3/Tight_08a.fjs,VNSG,TotalWeightedTardiness,39208
Set_3/Tight_09a.fjs,VNSG,TotalWeightedTardiness,37861
Set_3/Tight_10a.fjs,VNSG,TotalWeightedTardiness,44385
Set_3/Tight_11a.fjs,VNSG,TotalWeightedTardiness,39977
Set_3/Tight_12a.fjs,VNSG,TotalWeightedTardiness,36632
Set_3/Tight_13a.fjs,VNSG,TotalWeightedTardiness,51665
Set_3/Tight_14a.fjs,VNSG,TotalWeightedTardiness,48073
Set_3/Tight_15a.fjs,LS,TotalWeightedTardiness,44848
Set_3/Tight_16a.fjs,VNSG,TotalWeightedTardiness,53349
Set_3/Tight_17a.fjs,VNSG,TotalWeightedTardiness,47573
Set_3/Tight_18a.fjs,VNSG,TotalWeightedTardiness,44362
Set_4/Pm_Loose_HiFlex_ipps_01.fjs,SBH-VNS,TotalWeightedTardiness,17381
Set_4/Pm_Loose_HiFlex_ipps_02.fjs,SBH-VNS,TotalWeightedTardiness,17874
Set_4/Pm_Loose_HiFlex_ipps_03.fjs,LS,TotalWeightedTardiness,13276
Set_4/Pm_Loose_HiFlex_ipps_04.fjs,SBH-VNS,TotalWeightedTardiness,16355
Set_4/Pm_Loose_HiFlex_ipps_05.fjs,LS,TotalWeightedTardiness,19650
Set_4/Pm_Loose_HiFlex_ipps_06.fjs,LS,TotalWeightedTardiness,17846
Set_4/Pm_Loose_HiFlex_ipps_07.fjs,SBH-VNS,TotalWeightedTardiness,17235
Set_4/Pm_Loose_HiFlex_ipps_08.fjs,LS,TotalWeightedTardiness,15598
Set_4/Pm_Loose_HiFlex_ipps_09.fjs,SBH-VNS,TotalWeightedTardiness,17996
Set_4/Pm_Loose_HiFlex_ipps_10.fjs,SBH-LS,TotalWeightedTardiness,15209
Set_4/Pm_Loose_LoFlex_ipps_01.fjs,SBH-LS,TotalWeightedTardiness,17606
Set_4/Pm_Loose_LoFlex_ipps_02.fjs,LS,TotalWeightedTardiness,12915
Set_4/Pm_Loose_LoFlex_ipps_03.fjs,SBH-LS,TotalWeightedTardiness,14093
Set_4/Pm_Loose_LoFlex_ipps_04.fjs,SBH-LS,TotalWeightedTardiness,21265
Set_4/Pm_Loose_LoFlex_ipps_05.fjs,SBH-VNS,TotalWeightedTardiness,15020
Set_4/Pm_Loose_LoFlex_ipps_06.fjs,LS,TotalWeightedTardiness,12059
Set_4/Pm_Loose_LoFlex_ipps_07.fjs,LS,TotalWeightedTardiness,22146
Set_4/Pm_Loose_LoFlex_ipps_08.fjs,SBH-LS,TotalWeightedTardiness,18104
Set_4/Pm_Loose_LoFlex_ipps_09.fjs,SBH-ATC,TotalWeightedTardiness,13302
Set_4/Pm_Loose_LoFlex_ipps_10.fjs,SBH-LS,TotalWeightedTardiness,13934
Set_4/Pm_Moderate_HiFlex_ipps_01.fjs,SBH-VNS,TotalWeightedTardiness,39528
Set_4/Pm_Moderate_HiFlex_ipps_02.fjs,SBH-VNS,TotalWeightedTardiness,40830
Set_4/Pm_Moderate_HiFlex_ipps_03.fjs,LS,TotalWeightedTardiness,33714
Set_4/Pm_Moderate_HiFlex_ipps_04.fjs,SBH-LS,TotalWeightedTardiness,33206
Set_4/Pm_Moderate_HiFlex_ipps_05.fjs,VNSG,TotalWeightedTardiness,39479
Set_4/Pm_Moderate_HiFlex_ipps_06.fjs,LS,TotalWeightedTardiness,35862
Set_4/Pm_Moderate_HiFlex_ipps_07.fjs,SBH-VNS,TotalWeightedTardiness,36802
Set_4/Pm_Moderate_HiFlex_ipps_08.fjs,LS,TotalWeightedTardiness,35176
Set_4/Pm_Moderate_HiFlex_ipps_09.fjs,VNSG,TotalWeightedTardiness,35874
Set_4/Pm_Moderate_HiFlex_ipps_10.fjs,SBH-VNS,TotalWeightedTardiness,31595
Set_4/Pm_Moderate_LoFlex_ipps_01.fjs,SBH-LS,TotalWeightedTardiness,41406
Set_4/Pm_Moderate_LoFlex_ipps_02.fjs,SBH-LS,TotalWeightedTardiness,34881
Set_4/Pm_Moderate_LoFlex_ipps_03.fjs,SBH-LS,TotalWeightedTardiness,37702
Set_4/Pm_Moderate_LoFlex_ipps_04.fjs,SBH-LS,TotalWeightedTardiness,47426
Set_4/Pm_Moderate_LoFlex_ipps_05.fjs,SBH-VNS,TotalWeightedTardiness,40103
Set_4/Pm_Moderate_LoFlex_ipps_06.fjs,SBH-LS,TotalWeightedTardiness,32927
Set_4/Pm_Moderate_LoFlex_ipps_07.fjs,LS,TotalWeightedTardiness,53563
Set_4/Pm_Moderate_LoFlex_ipps_08.fjs,SBH-LS,TotalWeightedTardiness,42784
Set_4/Pm_Moderate_LoFlex_ipps_09.fjs,SBH-LS,TotalWeightedTardiness,36056
Set_4/Pm_Moderate_LoFlex_ipps_10.fjs,SBH-LS,TotalWeightedTardiness,34316
Set_4/Pm_Tight_HiFlex_ipps_01.fjs,SBH-VNS,TotalWeightedTardiness,61579
Set_4/Pm_Tight_HiFlex_ipps_02.fjs,SBH-LS,TotalWeightedTardiness,64207
Set_4/Pm_Tight_HiFlex_ipps_03.fjs,LS,TotalWeightedTardiness,54324
Set_4/Pm_Tight_HiFlex_ipps_04.fjs,SBH-LS,TotalWeightedTardiness,50145
Set_4/Pm_Tight_HiFlex_ipps_05.fjs,VNSG,TotalWeightedTardiness,59324
Set_4/Pm_Tight_HiFlex_ipps_06.fjs,LS,TotalWeightedTardiness,53874
Set_4/Pm_Tight_HiFlex_ipps_07.fjs,SBH-VNS,TotalWeightedTardiness,55920
Set_4/Pm_Tight_HiFlex_ipps_08.fjs,VNSG,TotalWeightedTardiness,54694
Set_4/Pm_Tight_HiFlex_ipps_09.fjs,SBH-VNS,TotalWeightedTardiness,53870
Set_4/Pm_Tight_HiFlex_ipps_10.fjs,SBH-LS,TotalWeightedTardiness,48103
Set_4/Pm_Tight_LoFlex_ipps_01.fjs,SBH-LS,TotalWeightedTardiness,66698
Set_4/Pm_Tight_LoFlex_ipps_02.fjs,SBH-LS,TotalWeightedTardiness,58420
Set_4/Pm_Tight_LoFlex_ipps_03.fjs,LS,TotalWeightedTardiness,62812
Set_4/Pm_Tight_LoFlex_ipps_04.fjs,SBH-LS,TotalWeightedTardiness,75826
Set_4/Pm_Tight_LoFlex_ipps_05.fjs,SBH-LS,TotalWeightedTardiness,66902
Set_4/Pm_Tight_LoFlex_ipps_06.fjs,SBH-VNS,TotalWeightedTardiness,56363
Set_4/Pm_Tight_LoFlex_ipps_07.fjs,VNSG,TotalWeightedTardiness,84300
Set_4/Pm_Tight_LoFlex_ipps_08.fjs,SBH-VNS,TotalWeightedTardiness,67810
Set_4/Pm_Tight_LoFlex_ipps_09.fjs,SBH-LS,TotalWeightedTardiness,57517
Set_4/Pm_Tight_LoFlex_ipps_10.fjs,SBH-VNS,TotalWeightedTardiness,57107
Set_4/Rm_Loose_HiFlex_ipps_01.fjs,SBH-ATC,TotalWeightedTardiness,616
Set_4/Rm_Loose_HiFlex_ipps_02.fjs,SBH-LS,TotalWeightedTardiness,949
Set_4/Rm_Loose_HiFlex_ipps_03.fjs,SBH-LS,TotalWeightedTardiness,986
Set_4/Rm_Loose_HiFlex_ipps_04.fjs,SBH-ATC,TotalWeightedTardiness,438
Set_4/Rm_Loose_HiFlex_ipps_05.fjs,SBH-LS,TotalWeightedTardiness,401
Set_4/Rm_Loose_HiFlex_ipps_06.fjs,SBH-ATC,TotalWeightedTardiness,502
Set_4/Rm_Loose_HiFlex_ipps_07.fjs,SBH-LS,TotalWeightedTardiness,538
Set_4/Rm_Loose_HiFlex_ipps_08.fjs,SBH-ATC,TotalWeightedTardiness,433
Set_4/Rm_Loose_HiFlex_ipps_09.fjs,SBH-LS,TotalWeightedTardiness,344
Set_4/Rm_Loose_HiFlex_ipps_10.fjs,SBH-LS,TotalWeightedTardiness,570
Set_4/Rm_Loose_LoFlex_ipps_01.fjs,SBH-VNS,TotalWeightedTardiness,0
Set_4/Rm_Loose_LoFlex_ipps_02.fjs,SBH-LS,TotalWeightedTardiness,881
Set_4/Rm_Loose_LoFlex_ipps_03.fjs,SBH-LS,TotalWeightedTardiness,180
Set_4/Rm_Loose_LoFlex_ipps_04.fjs,SBH-LS,TotalWeightedTardiness,607
Set_4/Rm_Loose_LoFlex_ipps_05.fjs,SBH-LS,TotalWeightedTardiness,9
Set_4/Rm_Loose_LoFlex_ipps_06.fjs,SBH-VNS,TotalWeightedTardiness,0
Set_4/Rm_Loose_LoFlex_ipps_07.fjs,SBH-LS,TotalWeightedTardiness,912
Set_4/Rm_Loose_LoFlex_ipps_08.fjs,SBH-LS,TotalWeightedTardiness,820
Set_4/Rm_Loose_LoFlex_ipps_09.fjs,SBH-LS,TotalWeightedTardiness,302
Set_4/Rm_Loose_LoFlex_ipps_10.fjs,SBH-LS,TotalWeightedTardiness,0
Set_4/Rm_Moderate_HiFlex_ipps_01.fjs,SBH-LS,TotalWeightedTardiness,3268
Set_4/Rm_Moderate_HiFlex_ipps_02.fjs,SBH-LS,TotalWeightedTardiness,6255
Set_4/Rm_Moderate_HiFlex_ipps_03.fjs,VNSG,TotalWeightedTardiness,4436
Set_4/Rm_Moderate_HiFlex_ipps_04.fjs,LS,TotalWeightedTardiness,4929
Set_4/Rm_Moderate_HiFlex_ipps_05.fjs,SBH-ATC,TotalWeightedTardiness,4909
Set_4/Rm_Moderate_HiFlex_ipps_06.fjs,SBH-ATC,TotalWeightedTardiness,3840
Set_4/Rm_Moderate_HiFlex_ipps_07.fjs,LS,TotalWeightedTardiness,3311
Set_4/Rm_Moderate_HiFlex_ipps_08.fjs,VNSG,TotalWeightedTardiness,4973
Set_4/Rm_Moderate_HiFlex_ipps_09.fjs,LS,TotalWeightedTardiness,3736
Set_4/Rm_Moderate_HiFlex_ipps_10.fjs,SBH-LS,TotalWeightedTardiness,3015
Set_4/Rm_Moderate_LoFlex_ipps_01.fjs,LS,TotalWeightedTardiness,16011
Set_4/Rm_Moderate_LoFlex_ipps_02.fjs,SBH-LS,TotalWeightedTardiness,22383
Set_4/Rm_Moderate_LoFlex_ipps_03.fjs,LS,TotalWeightedTardiness,19878
Set_4/Rm_Moderate_LoFlex_ipps_04.fjs,SBH-LS,TotalWeightedTardiness,17650
Set_4/Rm_Moderate_LoFlex_ipps_05.fjs,LS,TotalWeightedTardiness,13418
Set_4/Rm_Moderate_LoFlex_ipps_06.fjs,LS,TotalWeightedTardiness,11176
Set_4/Rm_Moderate_LoFlex_ipps_07.fjs,LS,TotalWeightedTardiness,13807
Set_4/Rm_Moderate_LoFlex_ipps_08.fjs,SBH-LS,TotalWeightedTardiness,18149
Set_4/Rm_Moderate_LoFlex_ipps_09.fjs,LS,TotalWeightedTardiness,16605
Set_4/Rm_Moderate_LoFlex_ipps_10.fjs,LS,TotalWeightedTardiness,10936
Set_4/Rm_Tight_HiFlex_ipps_01.fjs,LS,TotalWeightedTardiness,16184
Set_4/Rm_Tight_HiFlex_ipps_02.fjs,VNSG,TotalWeightedTardiness,22808
Set_4/Rm_Tight_HiFlex_ipps_03.fjs,VNSG,TotalWeightedTardiness,18623
Set_4/Rm_Tight_HiFlex_ipps_04.fjs,LS,TotalWeightedTardiness,21475
Set_4/Rm_Tight_HiFlex_ipps_05.fjs,LS,TotalWeightedTardiness,22066
Set_4/Rm_Tight_HiFlex_ipps_06.fjs,LS,TotalWeightedTardiness,18412
Set_4/Rm_Tight_HiFlex_ipps_07.fjs,LS,TotalWeightedTardiness,16822
Set_4/Rm_Tight_HiFlex_ipps_08.fjs,LS,TotalWeightedTardiness,18213
Set_4/Rm_Tight_HiFlex_ipps_09.fjs,LS,TotalWeightedTardiness,16135
Set_4/Rm_Tight_HiFlex_ipps_10.fjs,LS,TotalWeightedTardiness,17400
Set_4/Rm_Tight_LoFlex_ipps_01.fjs,LS,TotalWeightedTardiness,41030
Set_4/Rm_Tight_LoFlex_ipps_02.fjs,LS,TotalWeightedTardiness,47032
Set_4/Rm_Tight_LoFlex_ipps_03.fjs,LS,TotalWeightedTardiness,41801
Set_4/Rm_Tight_LoFlex_ipps_04.fjs,LS,TotalWeightedTardiness,44315
Set_4/Rm_Tight_LoFlex_ipps_05.fjs,LS,TotalWeightedTardiness,35291
Set_4/Rm_Tight_LoFlex_ipps_06.fjs,VNSG,TotalWeightedTardiness,28499
Set_4/Rm_Tight_LoFlex_ipps_07.fjs,VNSG,TotalWeightedTardiness,32515
Set_4/Rm_Tight_LoFlex_ipps_08.fjs,SBH-LS,TotalWeightedTardiness,42317
Set_4/Rm_Tight_LoFlex_ipps_09.fjs,LS,TotalWeightedTardiness,40123
Set_4/Rm_Tight_LoFlex_ipps_10.fjs,LS,TotalWeightedTardiness,29133
