instance,file,scenario,num_jobs,num_machines,seed_hex
150,instance_150.txt,fjsp_medium,50,30,9600000000000000000000000000000000000000000000000000000000000000
151,instance_151.txt,fjsp_medium,50,30,9700000000000000000000000000000000000000000000000000000000000000
152,instance_152.txt,fjsp_medium,50,30,9800000000000000000000000000000000000000000000000000000000000000
153,instance_153.txt,fjsp_medium,50,30,9900000000000000000000000000000000000000000000000000000000000000
154,instance_154.txt,fjsp_medium,50,30,9a00000000000000000000000000000000000000000000000000000000000000
155,instance_155.txt,fjsp_medium,50,30,9b00000000000000000000000000000000000000000000000000000000000000
156,instance_156.txt,fjsp_medium,50,30,9c00000000000000000000000000000000000000000000000000000000000000
157,instance_157.txt,fjsp_medium,50,30,9d00000000000000000000000000000000000000000000000000000000000000
158,instance_158.txt,fjsp_medium,50,30,9e00000000000000000000000000000000000000000000000000000000000000
159,instance_159.txt,fjsp_medium,50,30,9f00000000000000000000000000000000000000000000000000000000000000
160,instance_160.txt,fjsp_medium,50,30,a000000000000000000000000000000000000000000000000000000000000000
161,instance_161.txt,fjsp_medium,50,30,a100000000000000000000000000000000000000000000000000000000000000
162,instance_162.txt,fjsp_medium,50,30,a200000000000000000000000000000000000000000000000000000000000000
163,instance_163.txt,fjsp_medium,50,30,a300000000000000000000000000000000000000000000000000000000000000
164,instance_164.txt,fjsp_medium,50,30,a400000000000000000000000000000000000000000000000000000000000000
165,instance_165.txt,fjsp_medium,50,30,a500000000000000000000000000000000000000000000000000000000000000
166,instance_166.txt,fjsp_medium,50,30,a600000000000000000000000000000000000000000000000000000000000000
167,instance_167.txt,fjsp_medium,50,30,a700000000000000000000000000000000000000000000000000000000000000
168,instance_168.txt,fjsp_medium,50,30,a800000000000000000000000000000000000000000000000000000000000000
169,instance_169.txt,fjsp_medium,50,30,a900000000000000000000000000000000000000000000000000000000000000
170,instance_170.txt,fjsp_medium,50,30,aa00000000000000000000000000000000000000000000000000000000000000
171,instance_171.txt,fjsp_medium,50,30,ab00000000000000000000000000000000000000000000000000000000000000
172,instance_172.txt,fjsp_medium,50,30,ac00000000000000000000000000000000000000000000000000000000000000
173,instance_173.txt,fjsp_medium,50,30,ad00000000000000000000000000000000000000000000000000000000000000
174,instance_174.txt,fjsp_medium,50,30,ae00000000000000000000000000000000000000000000000000000000000000
175,instance_175.txt,fjsp_medium,50,30,af00000000000000000000000000000000000000000000000000000000000000
176,instance_176.txt,fjsp_medium,50,30,b000000000000000000000000000000000000000000000000000000000000000
177,instance_177.txt,fjsp_medium,50,30,b100000000000000000000000000000000000000000000000000000000000000
178,instance_178.txt,fjsp_medium,50,30,b200000000000000000000000000000000000000000000000000000000000000
179,instance_179.txt,fjsp_medium,50,30,b300000000000000000000000000000000000000000000000000000000000000
180,instance_180.txt,fjsp_medium,50,30,b400000000000000000000000000000000000000000000000000000000000000
181,instance_181.txt,fjsp_medium,50,30,b500000000000000000000000000000000000000000000000000000000000000
182,instance_182.txt,fjsp_medium,50,30,b600000000000000000000000000000000000000000000000000000000000000
183,instance_183.txt,fjsp_medium,50,30,b700000000000000000000000000000000000000000000000000000000000000
184,instance_184.txt,fjsp_medium,50,30,b800000000000000000000000000000000000000000000000000000000000000
185,instance_185.txt,fjsp_medium,50,30,b900000000000000000000000000000000000000000000000000000000000000
186,instance_186.txt,fjsp_medium,50,30,ba00000000000000000000000000000000000000000000000000000000000000
187,instance_187.txt,fjsp_medium,50,30,bb00000000000000000000000000000000000000000000000000000000000000
188,instance_188.txt,fjsp_medium,50,30,bc00000000000000000000000000000000000000000000000000000000000000
189,instance_189.txt,fjsp_medium,50,30,bd00000000000000000000000000000000000000000000000000000000000000
190,instance_190.txt,fjsp_medium,50,30,be00000000000000000000000000000000000000000000000000000000000000
191,instance_191.txt,fjsp_medium,50,30,bf00000000000000000000000000000000000000000000000000000000000000
192,instance_192.txt,fjsp_medium,50,30,c000000000000000000000000000000000000000000000000000000000000000
193,instance_193.txt,fjsp_medium,50,30,c100000000000000000000000000000000000000000000000000000000000000
194,instance_194.txt,fjsp_medium,50,30,c200000000000000000000000000000000000000000000000000000000000000
195,instance_195.txt,fjsp_medium,50,30,c300000000000000000000000000000000000000000000000000000000000000
196,instance_196.txt,fjsp_medium,50,30,c400000000000000000000000000000000000000000000000000000000000000
197,instance_197.txt,fjsp_medium,50,30,c500000000000000000000000000000000000000000000000000000000000000
198,instance_198.txt,fjsp_medium,50,30,c600000000000000000000000000000000000000000000000000000000000000
199,instance_199.txt,fjsp_medium,50,30,c700000000000000000000000000000000000000000000000000000000000000
